<?xml version="1.0" encoding="utf-8"?>
<tincan xmlns:xsd="http://www.w3.org/2001/XMLSchema" xmlns:xsi="http://www.w3.org/2001/XMLSchema-instance" xmlns="http://projecttincan.com/tincan.xsd">
	<activities>
		<activity id="urn:articulate:storyline:6cfALHzTp0u" type="http://adlnet.gov/expapi/activities/course">
			<name lang="und">pb05st01</name>
			<description lang="und" />
			<launch lang="und">index_lms.html</launch>
		</activity>
		<activity id="urn:articulate:storyline:6cfALHzTp0u/62jglTjdBOj" type="http://adlnet.gov/expapi/activities/module">
			<name lang="und">Intro</name>
			<description lang="und">Intro</description>
		</activity>
		<activity id="urn:articulate:storyline:6cfALHzTp0u/6ccreQCg3iG" type="http://adlnet.gov/expapi/activities/module">
			<name lang="und">Question 1_1</name>
			<description lang="und">Question 1_1</description>
		</activity>
		<activity id="urn:articulate:storyline:6cfALHzTp0u/6kN3vOcB5ow" type="http://adlnet.gov/expapi/activities/module">
			<name lang="und">Question 1_2</name>
			<description lang="und">Question 1_2</description>
		</activity>
		<activity id="urn:articulate:storyline:6cfALHzTp0u/6cT1qiFOjRx" type="http://adlnet.gov/expapi/activities/module">
			<name lang="und">Question 2_1</name>
			<description lang="und">Question 2_1</description>
		</activity>
		<activity id="urn:articulate:storyline:6cfALHzTp0u/5ZkKXHDQoLe" type="http://adlnet.gov/expapi/activities/module">
			<name lang="und">Question 3_1</name>
			<description lang="und">Question 3_1</description>
		</activity>
		<activity id="urn:articulate:storyline:6cfALHzTp0u/6MIJzUKhzPM" type="http://adlnet.gov/expapi/activities/module">
			<name lang="und">Question 3_2</name>
			<description lang="und">Question 3_2</description>
		</activity>
		<activity id="urn:articulate:storyline:6cfALHzTp0u/5ne2BhAl5SP" type="http://adlnet.gov/expapi/activities/module">
			<name lang="und">Question 4_1</name>
			<description lang="und">Question 4_1</description>
		</activity>
		<activity id="urn:articulate:storyline:6cfALHzTp0u/6Mw0uCwa7Ad" type="http://adlnet.gov/expapi/activities/module">
			<name lang="und">Question 4_2</name>
			<description lang="und">Question 4_2</description>
		</activity>
		<activity id="urn:articulate:storyline:6cfALHzTp0u/6RLcf9LRmfj" type="http://adlnet.gov/expapi/activities/module">
			<name lang="und">Question 5_1</name>
			<description lang="und">Question 5_1</description>
		</activity>
		<activity id="urn:articulate:storyline:6cfALHzTp0u/5dQ6EplU4Cr" type="http://adlnet.gov/expapi/activities/module">
			<name lang="und">Results8</name>
			<description lang="und">Results8</description>
		</activity>
	</activities>
</tincan>